 {
            "Casablanca":           [33.573110, -7.589843],
            "Marrakech":            [31.630000, -8.008889],
            "Rabat":                [33.971590, -6.849813],
            "Agadir":               [30.427755, -9.598107],
            "Al Hoceima":           [35.250000, -3.933333],
            "Beni Mellal":          [32.339444, -6.360833],
            "El Jadida":            [33.233333, -8.500000],
            "Essaouira":            [31.508493, -9.759504],
            "Essmara":              [26.741856, -11.678367],
            "Fès":                  [34.033333, -5.000000],
            "Kénitra":              [34.250000, -6.583333],
            "Khénifra":             [32.939444, -5.667500],
            "khmissat":             [33.816667, -6.066667],
            "Khouribga":            [32.886023, -6.920865],
            "Larache":              [35.183333, -6.150000],
            "Meknès":               [33.895000, -5.554722],
            "Mohammedia":           [33.683509, -7.384855],
            "Nador":                [35.166667, -2.933333],
           "Ouarzazate":           [30.933544, -6.937016],
            "Oujda":                [34.686667, -1.911389],
            "Safi":                 [32.300815, -9.227203],
            "Settat":               [33.000000, -7.616700],
           "Salé":                 [34.033697, -6.770814],
            "Tanger":               [35.759465, -5.833954],
            "Taza":                 [34.216667, -4.016667],
            "Temara":               [33.927835, -6.905182],
            "Tétouan":              [35.566667, -5.366667],
            "Berkane":              [34.916667, -2.316667],
            "Dakhla":               [23.722111, -15.934738],
            "Laayoune":             [27.125287, -13.162500],
            "Toutes les villes" :   [32.240683, -7.616272]

}